,Species,Strain,Samples , Ethyl Acetate,Ethanol,"Propanoic acid, ethyl ester",2-Pentanone,Decane,Methyl Isobutyl Ketone,Amylene hydrate,"Butanoic acid, 2-methyl-, methyl ester",Isobutyl acetate,Methyl isovalerate,1-Propanol,Methyl thiolacetate,"Butanoic acid, 2-methyl-, ethyl ester",2-Hexanone,Ethyl isocyanide,"1-Propanol, 2-methyl-","2-Pentanol, 2-methyl-",2-Pentanol,"1-Butanol, 3-methyl-, acetate",1 - Undecene,1-Butanol,2-Heptanone,Dodecane,"1-Butanol, 3-methyl-", S-Methyl 3-methylbutanethioate,"2-Heptanone, 4,6-dimethyl-"," 3-Buten-1-ol, 3-methyl-","Thiocyanic acid, methyl ester",Acetoin,"1-Pentanol, 2-methyl-","Butanoic acid, 3-methyl-, 2-methylbutyl ester","2-Heptanol, 4-methyl-",2-Nonanone ,Acetic acid,2-Nonanol,Pyrrole,"1H-Pyrrole, 2-methyl-","1-Heptanol, 2,4-dimethyl-,",Propanoic acid,"Propanoic acid, 2-methyl-",1-Octanol,2-Undecanone,"Benzoic acid, methyl ester",Butyrolactone ," Decanoic acid, ethyl ester","Acetic acid, decyl ester",2-Undecanol,"Butanoic acid, 3-methyl-",2-Dodecanone,1-Decanol,2-Tridecanone," Dodecanoic acid, ethyl ester","1,4-Butanediol",Phenylethyl Alcohol,"Acetophenone, 2'-amino-",2-Tridecanol,Tetradecanal,1-Dodecanol,Methyl tetradecanoate, 2-Pentadecanone,"Tetradecanoic acid, ethyl ester",Hexadecanal,n-Tridecan-1-ol,1-Tetradecanol,n-Pentadecanol, 1-Hexadecanol,Indole
1,SA,SA_A,SA.A_TSB_A,465374,1027715,0,1289650,800581,324424,73015,0,0,0,0,82772,1019655,0,0,139019,0,0,111465,0,0,56603,0,3097686,0,0,334841,0,375792,0,0,0,0,4016234,0,0,0,0,51090,76990,0,0,0,0,0,0,0,4007188,0,0,0,0,0,0,0,0,0,0,0,0,0,0,0,0,0,0,0
2,SA,SA_A,SA.A_TSB_B,193151,1050974,0,504113,294680,189630,0,0,0,0,0,0,245397,0,0,219733,0,56594,0,0,0,0,0,2130908,0,0,153294,0,102975,0,0,0,0,1565576,0,0,0,0,0,0,0,0,0,0,0,0,0,1691000,0,0,0,0,0,0,0,0,0,0,0,0,0,0,0,0,0,0,0
3,SA,SA_A,SA.A_TSB_C,403286,1850391,0,1169501,15,228163,73558,0,0,0,0,0,494407,0,0,196279,0,124321,0,0,0,85741,0,2769590,0,0,341899,0,173956,0,0,0,0,1952847,0,0,0,0,0,0,0,0,0,0,0,0,0,2140149,0,0,0,0,0,0,0,0,0,0,0,0,0,0,0,0,0,0,0
4,SA,SA_A,SA.A_TSB_D,129833,5140770,0,1926072,124282,0,188367,0,0,0,0,0,2198502,0,0,375976,197683,53549,0,0,0,0,0,5101478,0,0,86222,0,381264,0,0,0,0,11875584,0,0,0,0,111819,0,0,0,0,0,0,0,0,4678421,0,0,0,0,0,0,0,0,0,0,0,0,0,0,0,0,0,0,0
5,SA,SA_A,SA.A_TSB_E,117105,3422557,0,246751,0,0,0,0,0,0,0,0,960937,0,0,93132,66816,0,0,0,0,0,0,2349861,0,0,0,0,233731,0,0,0,0,11024381,0,0,0,0,90520,0,0,0,0,0,0,0,0,3219328,0,0,0,0,0,0,0,0,0,0,0,0,0,0,0,0,0,0,0
6,SA,SA_B,SA.B_TSB_A,316764,914667,0,560337,456376,167165,90157,0,0,0,0,83504,548057,0,0,179831,0,0,0,0,0,0,0,2161779,0,0,145857,0,125300,0,0,0,0,2608354,0,0,0,0,55944,0,0,0,0,0,0,0,0,1719248,0,0,0,0,0,0,0,0,0,0,0,0,0,0,0,0,0,0,0
7,SA,SA_B,SA.B_TSB_B,141636,801684,0,497068,408709,152829,139948,0,0,0,0,51098,287712,0,0,84934,0,0,0,0,0,0,0,2183192,0,0,151117,0,64307,0,0,0,0,2383959,0,0,0,0,51321,0,0,0,0,0,0,0,0,1800911,0,0,0,0,0,0,0,0,0,0,0,0,0,0,0,0,0,0,0
8,SA,SA_B,SA.B_TSB_C,292548,1037912,0,1102211,710674,228457,53152,0,0,0,0,238186,909496,0,0,0,0,0,67248,0,0,65954,0,3366604,0,0,227917,0,182778,0,0,0,0,3143060,0,0,0,0,91806,0,0,0,0,0,0,0,0,2082410,0,0,0,0,0,0,0,0,0,0,0,0,0,0,0,0,0,0,0
9,SA,SA_B,SA.B_TSB_D,0,7091491,0,1336035,470055,0,210357,0,0,0,0,0,2062898,0,0,358759,155158,0,0,0,0,0,0,5448175,0,0,97760,0,619590,0,0,0,0,16982921,0,0,0,0,248716,0,0,0,0,0,0,0,0,5123035,0,0,0,0,0,0,0,0,0,0,0,0,0,0,0,0,0,0,0
10,SA,SA_B,SA.B_TSB_E,588447,8155560,0,1737916,201138,0,295857,0,0,0,0,0,2011638,0,0,427533,0,54860,0,0,0,0,0,6671788,0,0,122040,0,800563,0,0,0,0,21176351,0,0,0,0,364754,0,0,0,0,0,0,0,0,5887513,0,0,0,0,0,0,0,0,0,0,0,0,0,0,0,0,0,0,0
11,SA,SA_A,SA.A_BHI_A,0,3054748,0,832334,0,0,0,0,0,0,0,0,1584145,0,0,376746,0,0,0,0,0,0,0,3663531,0,0,225832,0,4216736,0,0,0,0,3031784,0,0,0,0,0,0,0,0,0,0,0,0,0,2634320,0,0,0,0,0,0,0,0,0,0,0,0,0,0,0,0,0,0,0
12,SA,SA_A,SA.A_BHI_B,0,909704,0,444238,0,0,0,0,0,0,0,87526,223992,0,0,151707,0,0,0,0,0,0,0,908313,0,0,159944,0,2056879,0,0,0,0,1396969,0,0,0,0,0,0,0,0,0,0,0,0,0,1868166,0,0,0,0,0,0,0,0,0,0,0,0,0,0,0,0,0,0,0
13,SA,SA_A,SA.A_BHI_C,0,2419195,0,540199,0,0,0,0,0,0,0,361484,1396163,0,0,371331,0,0,0,0,0,0,0,6978146,0,0,158786,0,769616,0,0,0,0,1430945,0,0,0,0,0,0,0,0,0,0,0,0,0,2294617,0,0,0,0,0,0,0,0,0,0,0,0,0,0,0,0,0,0,0
14,SA,SA_A,SA.A_BHI_D,0,3195134,0,877468,0,0,0,0,0,0,0,218833,1330370,0,0,291548,0,0,0,0,0,0,0,2969470,0,0,209463,0,903640,0,0,0,0,3234400,0,0,0,0,0,0,0,0,0,0,0,0,0,3609299,0,0,0,0,0,0,0,0,0,0,0,0,0,0,0,0,0,0,0
15,SA,SA_A,SA.A_BHI_E,0,1208273,0,371852,0,0,0,0,0,0,0,83403,878070,0,0,79387,0,0,0,0,0,0,0,1670810,0,0,80510,0,1103952,0,0,0,0,1102412,0,0,0,0,0,0,0,0,0,0,0,0,0,1607769,0,0,0,0,0,0,0,0,0,0,0,0,0,0,0,0,0,0,0
16,SA,SA_B,SA.B_BHI_A,0,3077081,0,501780,0,0,0,0,0,0,0,327621,1642725,0,0,474857,0,0,156927,0,0,0,0,7108828,0,0,151643,0,1112605,0,0,0,0,1658255,0,0,0,0,0,0,0,0,0,0,0,0,0,2005000,0,0,0,0,0,0,0,0,0,0,0,0,0,0,0,0,0,0,0
17,SA,SA_B,SA.B_BHI_B,0,1659016,0,397547,0,0,0,0,0,0,0,352289,1285637,0,0,285977,0,0,136592,0,0,0,0,5059320,0,0,144353,0,663436,0,0,0,0,1221426,0,0,0,0,0,0,0,0,0,0,0,0,0,1935396,0,0,0,0,0,0,0,0,0,0,0,0,0,0,0,0,0,0,0
18,SA,SA_B,SA.B_BHI_C,0,376521,0,73257,0,0,0,0,0,0,0,0,183205,0,0,0,0,0,0,0,0,0,0,1473831,0,0,78843,0,502028,0,0,0,0,872402,0,0,0,0,0,0,0,0,0,0,0,0,0,1464647,0,0,0,0,0,0,0,0,0,0,0,0,0,0,0,0,0,0,0
19,SA,SA_B,SA.B_BHI_D,0,1910296,0,523353,0,0,0,0,0,0,0,278677,1134439,0,0,285037,0,0,0,0,0,0,0,5346823,0,0,130274,0,568247,0,0,0,0,1587138,0,0,0,0,59939,0,0,0,0,0,0,0,0,1916645,0,0,0,0,0,0,0,0,0,0,0,0,0,0,0,0,0,0,0
20,SA,SA_B,SA.B_BHI_E,0,1220898,0,500776,0,0,0,0,0,0,0,188055,1013838,0,0,215072,0,0,101554,0,0,0,0,5210015,0,0,124215,0,351127,0,0,0,0,1107698,0,0,0,0,58151,0,0,0,0,0,0,0,0,1770194,0,0,0,0,0,0,0,0,0,0,0,0,0,0,0,0,0,0,0
21,SA,SA_A,SA.A_LB_A,0,0,0,320965,0,68518,0,0,0,0,0,0,0,0,0,53102,0,0,0,0,0,0,0,496920,0,0,0,0,0,0,0,0,0,418770,0,0,0,0,0,0,0,0,0,254746,0,0,0,1351452,0,0,0,0,100676,0,0,0,0,0,0,0,0,0,0,0,0,0,0
22,SA,SA_A,SA.A_LB_B,0,0,0,886309,0,0,0,0,0,0,0,117584,0,0,0,175955,0,0,0,0,0,0,0,1668938,0,0,60640,0,0,0,0,0,0,371188,0,0,0,0,0,0,0,0,0,163749,0,0,0,1194878,0,0,0,0,73312,0,0,0,0,0,0,0,0,0,0,0,0,0,0
23,SA,SA_A,SA.A_LB_C,0,0,0,515572,210972,657995,0,0,0,93385,0,142709,0,0,0,289375,0,0,0,0,0,0,0,2165426,0,0,76661,0,0,0,0,0,0,592075,0,0,0,0,0,88915,0,0,0,151718,0,0,0,2197007,0,0,0,0,90392,0,0,0,0,0,0,0,0,0,0,0,0,0,0
24,SA,SA_A,SA.A_LB_D,0,0,0,868238,209747,801038,0,0,0,0,0,74742,0,0,0,126650,0,0,0,0,0,0,0,1474080,0,0,76192,0,0,0,0,0,0,474163,0,0,0,0,0,91503,0,0,0,145130,0,0,0,1680536,0,0,0,0,77499,0,0,0,0,0,0,0,0,0,0,0,0,0,0
25,SA,SA_A,SA.A_LB_E,0,0,0,0,0,0,0,0,0,79278,0,153016,0,0,0,85438,0,0,0,0,0,0,0,1217896,0,0,0,0,0,0,0,0,0,1692269,0,0,0,0,0,97916,0,0,0,0,0,0,0,2095493,0,0,0,0,0,0,0,0,0,0,0,0,0,0,0,0,0,0,0
26,SA,SA_B,SA.B_LB_A,0,0,0,840146,156567,1309090,103953,0,0,0,0,202591,0,0,0,263104,0,0,0,0,0,0,0,6782307,0,0,115518,0,0,0,0,0,0,496592,0,0,0,0,0,0,0,0,0,191311,0,0,0,2072718,0,0,0,0,84674,0,0,0,0,0,0,0,0,0,0,0,0,0,0
27,SA,SA_B,SA.B_LB_B,0,0,0,1392228,245113,1062848,50444,0,0,0,0,137363,0,56785,0,154327,0,0,0,0,0,0,0,6262223,0,0,90093,0,0,0,0,0,0,368583,0,0,0,0,0,0,0,0,0,140391,0,0,0,1410480,0,0,0,0,71006,0,0,0,0,0,0,0,0,0,0,0,0,0,0
28,SA,SA_B,SA.B_LB_C,0,0,0,785128,66082,1309090,105840,0,0,0,0,210770,0,0,0,309708,0,0,0,0,0,0,0,7761468,0,0,105557,0,0,0,0,0,0,458677,0,0,0,0,0,0,0,0,0,150201,0,0,0,2007991,0,0,0,0,73337,0,0,0,0,0,0,0,0,0,0,0,0,0,0
29,SA,SA_B,SA.B_LB_D,0,0,0,1526229,548037,610468,71194,0,0,0,0,130858,0,75813,0,207946,0,0,0,0,0,0,0,7084113,0,0,127324,0,0,0,0,0,0,433399,0,0,0,0,0,0,0,0,0,115261,0,0,0,1746404,0,0,0,0,71048,0,0,0,0,0,0,0,0,0,0,0,0,0,0
30,SA,SA_B,SA.B_LB_E,0,0,0,0,0,0,0,0,0,0,0,135461,0,0,0,530923,0,0,0,0,0,0,0,13087905,0,0,0,0,0,0,0,0,0,2426632,0,0,0,0,96723,245699,0,0,0,0,0,0,0,2891556,0,0,0,0,0,0,0,0,0,0,0,0,0,0,0,0,0,0,0
31,PA,PA_A,PA.A_BHI_A,72782,119451,0,217717,0,0,80981,0,0,0,0,83263,0,0,0,218656,0,360410,0,1836055,0,0,0,8963819,414750,0,0,0,0,0,139532,0,99765,0,226327,616220,596960,0,0,0,0,0,0,0,0,0,0,0,0,0,0,0,0,0,0,0,0,0,0,0,0,0,0,0,0,0,0
32,PA,PA_A,PA.A_BHI_B,158092,0,0,449020,0,0,295319,0,0,260184,0,113029,0,0,0,63315,79679,0,0,4758693,1342754,0,78229,5020894,259349,0,75599,0,0,0,99188,0,136543,0,243982,720171,534705,0,0,0,0,105669,0,0,0,0,119961,0,0,0,0,0,0,0,0,0,0,0,0,0,0,0,0,0,0,0,0
33,PA,PA_A,PA.A_BHI_C,154266,2755630,0,2741250,0,0,111457,0,0,138973,0,221152,0,0,0,0,80637,250118,0,3243667,1956541,328075,128560,11793571,519476,60571,220444,0,0,0,50123,0,1245017,0,236940,767151,699348,0,0,0,0,423357,0,0,0,0,220303,0,0,0,0,0,0,0,0,0,0,0,0,0,0,0,0,0,0,0,0
34,PA,PA_A,PA.A_BHI_D,165447,2864780,0,229514,0,0,0,0,0,206705,0,114655,0,0,0,164087,108080,213643,0,2178787,2501751,0,0,13739133,270080,0,160189,0,0,0,151978,0,976709,0,919278,766601,513983,0,0,0,0,653601,0,0,0,0,822512,0,0,0,0,0,0,0,62602,0,0,0,0,0,0,0,0,0,0,0,0
35,PA,PA_A,PA.A_BHI_E,257291,2979582,0,0,0,0,0,0,0,216432,0,94646,0,0,0,218357,0,493008,0,3249923,1751337,146266,153234,12346889,237442,90067,92165,0,155690,0,65690,0,2229916,0,2173133,862790,709941,0,0,0,0,517587,0,0,0,0,494295,0,0,0,0,0,0,0,72073,0,0,0,0,0,0,0,0,0,0,0,0
36,PA,PA_B,PA.B_BHI_A,0,123501,0,405146,552437,0,0,0,0,0,0,0,0,0,0,246595,0,528402,0,1400568,0,0,0,10672383,322861,0,0,0,0,0,230084,0,280508,0,417596,315631,436851,0,0,0,0,332309,0,0,0,0,458202,0,0,0,0,0,0,0,146708,0,0,0,0,0,0,0,0,0,0,0,0
37,PA,PA_B,PA.B_BHI_B,245490,5398605,0,738399,0,0,171282,0,0,331291,0,0,0,0,0,213899,0,0,0,7765793,3059172,0,0,9037455,201412,0,421872,0,204783,0,0,0,2654044,0,2526340,443382,520750,0,0,0,0,834807,0,0,0,0,1265320,0,0,0,0,0,0,0,133733,0,0,0,0,0,0,0,0,0,0,0,0
38,PA,PA_B,PA.B_BHI_C,464030,1418380,0,2816991,919172,0,0,0,0,186812,0,195548,0,0,0,253310,0,603395,0,4007625,1383807,173245,0,10928654,445853,0,704490,0,0,0,299340,0,1902515,0,177301,326505,446231,0,0,0,0,1504377,0,0,0,0,0,0,0,0,0,0,0,0,187550,0,0,0,0,0,0,0,0,0,0,0,0
39,PA,PA_B,PA.B_BHI_D,0,1132339,0,601736,0,0,0,0,0,186812,0,0,0,0,0,0,0,0,0,9898560,2140101,0,0,9724620,358783,0,280708,0,0,0,0,0,2056831,0,1341480,431146,371797,0,0,0,0,1414962,0,0,0,0,1475968,0,0,0,0,0,0,0,263572,0,0,0,0,0,0,0,0,0,0,0,0
40,PA,PA_B,PA.B_BHI_E,216975,1972423,0,601858,0,0,153432,0,0,297159,0,154471,0,0,0,0,0,0,0,9991209,1924978,0,0,11098959,283587,0,357840,0,0,0,0,0,653072,0,2038751,469015,476178,0,0,0,0,1644906,0,0,0,0,2030548,0,0,0,0,0,0,0,174715,0,0,0,0,0,0,0,0,0,0,0,0
41,PA,PA_A,PA.A_LB_A,0,0,0,4593791,2992449,0,759098,485375,0,216150,0,348919,0,0,0,380392,302615,1287201,0,8342977,2234272,224725,0,4257835,0,277538,586549,0,0,0,0,0,499357,0,0,389023,0,0,0,0,0,997986,0,0,0,0,336517,0,0,0,0,0,0,0,0,0,0,0,0,0,0,0,0,0,0,0,0
42,PA,PA_A,PA.A_LB_B,0,2100747,0,1556357,0,0,0,376964,0,0,0,227796,0,0,0,282434,0,0,0,2459069,1433351,290026,265644,13725691,673230,159405,0,0,0,0,158021,0,560505,0,0,546083,391414,0,0,0,0,849044,0,0,0,0,161420,0,0,0,0,0,0,0,121447,0,0,0,0,0,0,0,0,0,0,0,0
43,PA,PA_A,PA.A_LB_C,0,0,0,818478,952843,0,0,652996,0,440817,0,172824,0,0,0,0,0,295691,0,6362319,3105858,0,0,2006588,411246,0,0,0,0,0,0,0,159552,0,0,213409,0,0,0,0,0,290081,0,0,0,0,0,0,0,0,0,0,0,0,109399,0,0,0,0,0,0,0,0,0,0,0,0
44,PA,PA_A,PA.A_LB_D,0,0,0,925725,872643,0,0,841665,0,634921,0,285764,0,0,0,0,93933,385151,0,4710524,1478897,0,160587,896822,443795,109969,0,0,0,0,0,0,0,0,0,161968,0,0,0,0,0,95115,0,0,0,0,0,0,0,0,0,0,0,0,67823,0,0,0,0,0,0,0,0,0,0,0,0
45,PA,PA_A,PA.A_LB_E,0,0,0,635916,564067,0,0,0,0,0,0,85577,0,0,0,60927,0,170196,0,1546224,0,0,0,1243337,89553,0,0,0,0,0,0,0,301572,0,56849,103804,0,0,0,0,0,352609,0,0,0,0,151796,0,0,0,0,0,0,0,99558,0,0,0,0,0,0,0,0,0,0,0,0
46,PA,PA_B,PA.B_LB_A,0,0,0,1443975,0,0,0,719792,214722,290888,0,308465,0,0,0,0,0,309470,0,11316169,0,144220,0,1592331,186653,0,0,301551,0,0,0,0,1275136,0,373646,142532,0,0,0,0,0,1257669,0,0,0,0,482499,0,0,0,0,0,0,0,553094,0,0,0,0,0,0,0,0,0,0,0,0
47,PA,PA_B,PA.B_LB_B,0,0,0,430258,1105838,0,0,1341476,0,553733,0,173497,0,0,0,0,0,451246,0,6330153,0,0,0,6970540,178945,0,0,171424,0,0,0,0,198681,0,306951,408522,0,0,0,0,0,287829,0,0,0,0,0,0,0,0,0,0,0,0,439975,0,0,0,0,0,0,0,0,0,0,0,0
48,PA,PA_B,PA.B_LB_C,0,71200,0,612393,920844,0,0,1437190,149294,608115,0,267753,0,0,0,114084,0,282138,0,10477684,0,88040,0,2274161,197864,130510,100140,254571,0,0,0,0,265616,0,198782,153817,0,0,0,0,0,178546,0,0,0,0,59911,0,0,0,0,0,0,0,516248,0,0,0,0,0,0,0,0,0,0,0,0
49,PA,PA_B,PA.B_LB_D,0,0,0,521478,726757,0,0,1098813,0,539042,0,185840,0,0,0,125236,50818,229256,0,8408280,0,0,0,2006092,106432,85656,82100,277327,0,0,0,0,381346,0,53306,83078,0,0,0,0,0,195093,0,0,0,0,0,0,0,0,0,0,0,0,362422,0,0,0,0,0,0,0,0,0,0,0,0
50,PA,PA_B,PA.B_LB_E,0,0,0,1257192,0,0,0,691874,196600,264088,0,325764,0,0,0,106088,77304,313564,0,6122284,0,199717,0,2050926,153090,183690,132599,347183,0,0,0,0,1766587,0,422604,143921,0,0,0,0,0,1411966,0,0,0,0,384342,0,0,0,0,0,0,0,569141,0,0,0,0,0,0,0,0,0,0,0,0
51,PA,PA_A,PA.A_TSB_A,102838,407274,0,312919,416155,878501,0,0,0,0,0,180978,0,0,0,613288,0,1220117,0,1089098,297541,0,0,37125000,1013976,66660,94665,0,0,0,590669,254736,77440,0,315708,296002,437807,50895,0,0,0,0,85303,0,0,0,220455,0,0,0,0,0,0,0,0,0,0,0,0,0,0,0,0,0,0,0,0
52,PA,PA_A,PA.A_TSB_B,366196,105844,0,922111,405410,1044023,0,0,0,0,0,350140,0,0,0,533119,138682,1405586,0,1586875,1330842,131327,0,25630541,922092,84463,138407,0,0,0,174814,237817,174811,0,364610,348566,501438,57295,0,0,0,95420,129277,0,0,0,327898,0,0,0,0,0,0,0,0,0,0,0,0,0,0,0,0,0,0,0,0
53,PA,PA_A,PA.A_TSB_C,168119,201974,0,790827,185434,920649,0,0,0,0,0,120517,0,0,0,358184,96881,1206319,0,0,292562,0,0,28478038,647846,53945,123534,0,0,0,153504,222587,360272,0,437056,361440,600925,65646,0,0,0,266974,128608,0,0,0,430422,0,0,0,0,0,0,0,284883,0,0,0,0,0,0,0,0,0,0,0,0
54,PA,PA_A,PA.A_TSB_D,0,100302,0,484660,454496,524710,0,0,0,0,0,96861,0,0,0,528587,61466,768442,0,2178707,546953,0,0,18337136,409427,0,81767,0,0,0,323499,167137,463341,0,428548,267344,438524,0,0,0,0,586721,133784,0,0,0,617888,0,0,0,0,0,0,0,551104,0,0,0,0,0,0,0,0,0,0,0,0
55,PA,PA_B,PA.B_TSB_A,224198,213164,0,809906,706936,932763,0,0,0,0,0,203944,0,0,0,436552,0,1209988,0,12921628,0,83664,0,18573029,91195,131925,141355,115156,0,0,173217,119002,525712,0,1285724,142353,424489,79448,0,0,0,4396492,111623,0,0,0,2800635,0,0,0,0,0,0,0,1528228,0,0,0,0,0,0,0,0,0,0,0,0
56,PA,PA_B,PA.B_TSB_B,191043,113006,0,531903,512688,1026786,0,0,0,0,0,236598,0,0,0,492060,64027,2282603,0,7584736,0,182915,0,24462435,114948,88116,71410,99820,0,0,172688,125798,524913,0,1297487,383895,621874,55187,0,0,0,1447782,81423,0,0,0,3287479,0,0,0,0,0,0,0,1937240,0,0,0,0,0,0,0,0,0,0,0,0
57,PA,PA_B,PA.B_TSB_C,0,100112,0,219493,0,0,0,109543,173727,0,0,164078,0,0,0,0,76978,585679,0,12179961,629727,0,0,10710622,87884,116106,83352,0,0,0,0,98575,727805,0,1136661,154214,278470,54359,0,0,0,1031358,0,0,0,0,260136,0,0,0,0,0,0,0,1087800,0,0,0,0,0,0,0,0,0,0,0,0
58,EC,EC_A,EC.A_BHI_A,1335746,10739591,127719,3891622,664734,0,353713,0,138071,0,0,154284,0,149124,105966,636845,173087,0,0,0,5985957,408380,0,12137381,0,204993,715127,0,203554,186787,0,0,308038,5449509,0,0,0,145400,108830,0,1303753,428336,584398,0,0,51900,0,0,0,1120106,96559,0,0,219638,0,0,0,1087630,0,0,0,0,0,1119579,0,1061325,10282706
59,EC,EC_A,EC.A_BHI_B,1077717,7443452,99116,2439108,522829,0,152483,0,0,0,0,112048,0,113513,86354,392103,110047,0,0,0,3989960,252076,0,7723728,0,92508,415206,0,168148,85904,0,0,383685,2069148,0,0,0,99866,0,0,1124989,623212,324415,0,173839,101263,0,0,0,2260282,303186,68203,0,202598,0,0,0,2533698,0,68658,0,400513,0,979951,0,650859,106378505
60,EC,EC_A,EC.A_BHI_C,893609,6250253,83418,2314358,524002,0,135522,0,82601,0,0,88526,0,95518,67095,275232,76816,0,0,0,3174018,250529,0,6210576,0,108991,407557,0,118337,106202,0,0,394008,3316273,0,0,0,95894,0,0,1238561,712079,328561,0,161042,178266,0,0,0,2407249,446725,123501,0,211215,0,70060,113303,3621289,144229,134147,88404,652645,0,1718402,0,1970524,112700686
61,EC,EC_A,EC.A_BHI_D,809390,7626831,175461,2591269,604543,0,115800,0,69547,0,0,85508,0,103160,0,189839,73358,0,0,0,3017282,348774,0,5653746,0,69789,487632,0,0,121811,0,0,420686,4930272,0,0,0,112262,122108,0,1910713,529364,470932,0,128731,125201,0,0,0,4553996,357832,118849,0,386583,0,91450,111256,5051317,137887,179352,119785,408288,0,2450605,0,4268126,93089962
62,EC,EC_B,EC.B_BHI_A,608402,3717130,0,2973792,0,0,0,0,0,0,0,128022,0,140813,0,139641,60794,0,0,0,3879386,646981,0,8341626,0,0,476972,0,0,63082,0,0,2271616,5518148,0,0,0,77569,0,0,799527,841414,556478,0,0,0,0,0,0,2479369,80690,0,0,218444,0,90264,0,802253,0,0,0,0,0,166612,0,64116,95504755
63,EC,EC_B,EC.B_BHI_B,947309,5157444,0,2507968,0,0,204422,0,89753,0,0,90122,0,116323,105656,0,138306,0,0,0,3355434,351600,0,8328364,0,79016,481816,0,0,0,0,0,1155205,7058046,0,0,0,63099,177595,0,1545013,590411,296451,0,0,164633,0,0,0,5542281,348812,0,0,229405,0,120597,0,3764377,308213,82496,0,57578,0,329919,0,119065,111534573
64,EC,EC_B,EC.B_BHI_C,961495,6648458,0,2460826,552271,0,140271,0,63628,0,0,131277,0,123060,68534,262306,53366,0,0,0,3614046,411137,0,8357066,0,92671,446101,0,0,0,0,0,1082152,6356903,0,0,0,121836,144705,0,1900921,673916,319697,0,344949,261433,0,0,0,7740141,617095,171353,0,257087,0,231601,0,8126177,535396,254789,66340,112673,0,752512,0,301336,43562718
65,EC,EC_A,EC.A_LB_A,155389,1010300,0,3917970,735781,0,528832,0,381024,0,1550481,82608,0,183084,53025,501035,76840,0,0,0,3569454,388765,0,4505387,0,228006,180008,0,0,163793,0,0,106588,800115,0,0,0,274686,172459,0,181784,257232,254013,0,0,0,0,0,70872,98723,302852,0,0,122437,0,62303,0,723882,0,59160,0,0,133915,152145,247622,79080,64083889
66,EC,EC_A,EC.A_LB_B,55674,833894,0,1895126,368391,0,160664,0,158705,0,1682575,62721,0,77576,0,259701,0,0,0,0,2868248,111779,0,2548897,0,0,63669,0,0,66071,0,0,81508,293287,0,0,0,132490,59778,0,299078,235580,235434,0,0,0,0,0,93940,489438,411519,0,0,99484,0,0,0,1293239,0,82803,0,0,201090,286061,303949,112422,76383368
67,EC,EC_A,EC.A_LB_C,206308,1059453,0,199890,457109,0,365507,0,180890,0,1821750,91226,0,146555,0,555535,96188,0,0,0,3954594,169612,0,3497616,0,176833,113874,0,0,118007,0,0,85149,265880,0,0,0,206282,0,0,314410,287789,323796,0,0,0,0,0,103754,410418,519574,0,0,136105,0,96083,0,1683334,0,138988,0,91864,314284,399067,470038,136299,84586604
68,EC,EC_A,EC.A_LB_D,0,1038526,0,0,199127,0,0,0,0,0,1417005,0,0,0,0,56244,0,0,0,0,1674709,64568,118318,2622897,0,0,0,0,0,0,0,0,115864,1458984,0,0,0,0,159338,0,158548,343124,0,0,0,0,0,0,91673,148544,331798,0,0,0,0,0,0,672139,0,91058,0,285335,141209,448711,1389615,1477460,77981995
69,EC,EC_A,EC.A_LB_E,0,746145,0,0,0,0,0,0,0,0,843090,0,0,0,0,53025,0,0,0,0,1112004,71493,0,2269429,0,0,0,0,0,0,0,0,78116,995169,0,0,0,0,194881,0,106502,322616,0,0,0,0,0,0,89486,99315,559861,0,0,0,0,0,0,1719069,0,163012,0,184046,206594,1084828,1869692,1251665,85548553
70,EC,EC_B,EC.B_LB_A,138406,0,0,2601103,413560,0,369097,0,261039,0,0,0,0,137297,0,435021,60756,0,0,0,1599561,291645,0,3384709,0,174979,85978,0,0,83980,0,0,330785,546566,0,0,0,187563,108434,0,90957,284966,255229,0,0,0,0,0,87201,136896,320352,0,0,103548,0,110355,0,639394,73677,60053,0,0,208765,172360,0,0,72853935
71,EC,EC_B,EC.B_LB_B,157208,0,0,2591407,258187,0,333096,0,148155,0,0,68374,0,160630,52938,444798,78297,0,0,0,1513337,244580,0,3232684,0,171949,0,0,0,79508,0,0,436384,357739,0,0,0,182250,119064,0,112115,447419,305231,0,0,0,0,0,159402,303533,835199,0,0,172988,0,194966,0,1323482,299615,213434,0,0,448151,470892,138587,70851,87016160
72,EC,EC_B,EC.B_LB_C,108232,0,0,2278562,414624,0,324672,0,177119,0,133992,58623,0,116084,0,425365,88191,0,0,0,2244762,196334,0,3357368,0,170322,0,0,0,75315,0,0,316796,177944,0,0,0,145681,0,0,189796,281528,241323,0,0,0,0,0,76070,729337,395577,0,0,115781,0,0,0,1198793,146231,94999,0,0,365451,312473,0,0,77512251
73,EC,EC_B,EC.B_LB_D,0,0,0,0,0,0,0,0,0,0,0,0,0,0,0,0,0,0,0,0,0,94963,0,1312941,0,0,0,0,0,0,0,0,376463,991493,0,0,0,0,230966,0,0,326330,0,0,0,0,0,0,62131,60950,327139,0,0,0,0,103267,0,581729,52637,117138,0,72630,183803,216519,79475,51688,82768482
74,EC,EC_B,EC.B_LB_E,0,0,0,0,0,0,0,0,0,0,0,0,0,0,0,0,0,0,0,0,516079,151307,0,1084828,0,0,0,0,0,0,0,0,292752,1043984,0,0,0,0,362007,0,0,331717,0,0,0,0,0,0,0,0,171292,0,0,0,0,0,0,242246,246354,135850,0,67958,107442,156417,0,1940003,61263721
75,EC,EC_A,EC.A_TSB_A,887825,7585417,0,673781,0,0,58040,0,0,0,0,77057,0,79276,0,150443,0,0,0,0,285915,205972,0,4976821,0,0,115357,0,78080,51263,0,0,352856,2351610,0,0,0,127027,0,0,1131862,432151,179033,0,0,0,201877,0,0,0,125461,0,0,185259,0,0,0,1734037,0,0,0,89948,0,851004,0,850885,88277609
76,EC,EC_A,EC.A_TSB_B,670603,7461659,0,592162,0,0,62292,0,0,0,0,52672,0,68747,0,0,125917,0,0,0,274388,185920,0,5003470,0,0,78741,0,80161,56793,0,0,248134,2007913,0,0,0,113605,0,0,1139646,292152,224753,0,0,0,144622,0,0,1341923,125475,0,0,220256,0,0,0,2010208,0,0,0,64680,0,922978,0,1183943,91230943
77,EC,EC_A,EC.A_TSB_C,576884,2372532,0,468142,0,0,0,0,0,0,152410,66285,0,0,0,50584,0,0,0,0,451935,111956,0,2399050,0,0,55845,0,0,0,0,0,156017,641681,0,0,0,67623,0,0,547685,239981,131516,0,0,0,74667,0,0,752118,222277,0,0,134335,0,0,0,2075742,0,0,0,54145,0,593032,0,382201,109912287
78,EC,EC_A,EC.A_TSB_D,636851,5114072,0,559183,0,0,0,0,0,0,171493,0,0,0,0,90291,0,0,0,0,632825,132704,0,3934663,0,0,74957,0,525825,0,0,0,158088,2911844,0,0,0,0,0,0,851829,216947,158388,0,0,0,82691,0,0,1124759,89118,0,0,176598,0,0,0,1582441,0,0,0,0,0,450711,0,390122,89285823
79,EC,EC_A,EC.A_TSB_E,0,7870420,0,1225829,0,0,101495,0,0,0,0,0,0,0,0,0,0,0,0,0,220140,1022779,0,2243423,0,0,0,0,0,0,0,0,75932,125680,0,0,0,0,0,0,508826,152770,342571,0,52208,0,0,0,0,474789,222050,0,0,100430,0,0,0,1758353,0,57182,0,0,0,843660,0,1033300,82182776
80,EC,EC_B,EC.B_TSB_A,119313,1364553,0,169495,0,0,0,0,0,0,0,0,0,0,0,54155,0,0,0,0,934149,151941,0,1928512,0,0,0,0,0,0,0,0,985092,2373104,0,0,0,0,0,0,265324,156741,82607,0,0,0,119773,0,0,410056,0,0,0,76521,0,0,0,289615,0,0,0,0,0,0,0,0,60325589
81,EC,EC_B,EC.B_TSB_B,128397,1451138,0,359499,0,0,0,0,0,0,0,0,0,0,0,54486,0,0,0,0,526119,185916,0,2047003,0,0,0,0,0,0,0,0,617890,2282520,0,0,0,0,0,0,558260,299459,130593,0,0,0,235221,0,0,1118337,67510,0,0,125495,0,52814,0,749942,0,0,0,0,0,78672,0,0,107880324
82,EC,EC_B,EC.B_TSB_C,309004,5650813,0,875905,0,0,109170,0,0,0,310852,0,0,97651,0,180005,62168,0,0,0,809747,352271,0,6497830,0,0,92340,0,52741,58804,0,0,481673,8927089,0,0,0,97887,0,0,464549,362678,136519,0,0,0,360779,0,0,855428,69218,0,0,156776,0,0,0,479315,0,0,0,0,0,84426,0,0,72102392
83,EC,EC_B,EC.B_TSB_D,548442,3588158,0,637563,0,0,60834,0,0,0,483269,0,0,77088,0,114343,0,0,0,0,705595,244700,0,4141334,0,0,68147,0,85445,0,0,0,610883,6388137,0,0,0,80664,0,0,1201031,303087,162366,0,0,0,253951,0,0,2405144,169862,0,0,165001,0,84957,0,2750809,0,0,0,0,0,146349,0,0,85257546
84,EC,EC_B,EC.B_TSB_E,339404,3962927,0,2988409,348154,0,694251,0,0,0,0,0,0,150367,0,479434,56195,0,0,0,336294,363923,0,4078717,0,0,0,0,0,0,0,0,980973,14027578,0,0,0,0,0,0,0,764794,530396,0,152418,129213,376472,0,0,4098619,975303,96187,0,173580,0,226100,0,8172616,698476,382222,0,0,0,635257,0,482026,97156549
